title,href
[好雷]  黑豹 --其實蠻好看的,/bbs/movie/M.1552276420.A.F6F.html
[好雷?] 黑豹 自慰片的新高度,/bbs/movie/M.1545317279.A.EFC.html
[二刷好雷] 水行俠真的不是黑豹,/bbs/movie/M.1545065816.A.46A.html
[好雷] 盲點：關於《黑豹》的奧克蘭也關於你我的故事,/bbs/movie/M.1538060300.A.8FD.html
[好雷] 瘋狂亞洲富豪─絕不是新加坡黑豹,/bbs/movie/M.1536676591.A.C8F.html
[微好雷]《雷神索爾3諸神黃昏》＆《黑豹》,/bbs/movie/M.1536217925.A.B6E.html
[好雷] 比黑豹好看的蟻人與黃蜂女,/bbs/movie/M.1531217457.A.6C8.html
[好雷]黑豹 — 符合台灣政治的隱喻分析,/bbs/movie/M.1525369009.A.CFA.html
[好雷] 黑豹：一部政治寓言,/bbs/movie/M.1521128014.A.19B.html
[好雷]黑豹，好看但可惜的反派,/bbs/movie/M.1520467155.A.8E5.html
[好雷] 黑豹心得,/bbs/movie/M.1519920385.A.14A.html
[ 好雷] 唯一缺憾的黑豹,/bbs/movie/M.1519908058.A.B99.html
[好雷] 黑豹 感想 微負評,/bbs/movie/M.1519841715.A.3BF.html
[核心好雷] 黑豹-科技與部落的反差萌 人權與人道議題,/bbs/movie/M.1519812809.A.DC3.html
[普好雷] 立體的世界，被一掌拍平，淺談【黑豹】,/bbs/movie/M.1519787493.A.BFD.html
[有意見好雷] 比上沒得比，比下有餘的黑豹,/bbs/movie/M.1519734682.A.979.html
[好雷] 黑豹 ~ 屬於黑人的童話故事,/bbs/movie/M.1519618436.A.EA0.html
[ 好 雷] 黑豹,/bbs/movie/M.1519572758.A.D3C.html
[好雷]黑豹 王者的抉擇,/bbs/movie/M.1519544126.A.E20.html
[好雷] 黑豹就真的很好看咩~,/bbs/movie/M.1519356550.A.A17.html
[ 普好雷] 黑豹,/bbs/movie/M.1519142286.A.7CD.html
[好雷] 黑豹,/bbs/movie/M.1519070229.A.DE9.html
[好雷] 黑豹：王者路大不易,/bbs/movie/M.1519042966.A.803.html
[微好雷]《黑豹》　春秋五霸的基本套路,/bbs/movie/M.1518991149.A.BDD.html
[好雷]黑豹 不太一樣的超級英雄,/bbs/movie/M.1518963410.A.A2E.html
[好雷] 黑豹 其實我比較喜歡反派@@,/bbs/movie/M.1518939706.A.D48.html
[好雷] 黑豹 Black Panther，非洲未來主義,/bbs/movie/M.1518893529.A.3AD.html
[好雷]  黑豹： 智者造橋，愚者築牆,/bbs/movie/M.1518860486.A.B45.html
[微好雷] 黑豹的電影配樂,/bbs/movie/M.1518848376.A.BBB.html
[好無雷] 黑豹,/bbs/movie/M.1518802967.A.D32.html
[好雷] 黑豹  沒有大家說的那麼糟啦,/bbs/movie/M.1518793606.A.036.html
[好雷] 黑豹,/bbs/movie/M.1518778797.A.C52.html
[普好雷] 黑豹:Do you know da way?,/bbs/movie/M.1518769142.A.229.html
[普好雷] 黑豹 來談談角色動機吧,/bbs/movie/M.1518703695.A.0DC.html
[好雷]YOU SHOW OFF?——《黑豹》無&有雷推薦,/bbs/movie/M.1518641125.A.57A.html
[普好雷] 覺得黑豹的編劇陷入一種兩難的情況,/bbs/movie/M.1518632731.A.55E.html
[好笑雷] 黑豹,/bbs/movie/M.1518627430.A.ADF.html
[好雷] 黑豹 耳目一新的英雄電影,/bbs/movie/M.1518617014.A.223.html
[好雷] 黑豹 最沒有在看爽的漫威片,/bbs/movie/M.1518584186.A.CA8.html
[偏好雷] 看完黑豹我再重看一次預告片發現...,/bbs/movie/M.1518541335.A.C93.html
[好雷] 黑豹 國王成長日記,/bbs/movie/M.1518538495.A.43A.html
[好雷] 黑豹 世界觀科技感超讚 但故事有些許bug,/bbs/movie/M.1518537228.A.F8C.html
[超爆幹好雷] 黑豹-名副其實漫威最佳,/bbs/movie/M.1518536561.A.C1C.html
[普好雷] 黑豹,/bbs/movie/M.1518535690.A.7CD.html
[好雷]【黑豹】非洲先進文明卓然而立,/bbs/movie/M.1518521887.A.244.html
[普好雷] 充滿新風格的黑豹,/bbs/movie/M.1518517571.A.DD1.html
[好雷] 不太懂有關黑豹反派的幾件事情,/bbs/movie/M.1518512928.A.747.html
[好雷] 小細節怪怪的黑豹,/bbs/movie/M.1518511893.A.636.html
[好雷] 黑豹,/bbs/movie/M.1518507928.A.ABD.html
[好無雷] 黑豹,/bbs/movie/M.1518505340.A.C9A.html
[好雷] 黑豹觀後討論,/bbs/movie/M.1518501262.A.9AC.html
[普好雷] 黑豹 優秀的漫威宇宙擴展片,/bbs/movie/M.1518500618.A.932.html
[極好無雷]  這就是我要的黑豹！,/bbs/movie/M.1518499054.A.561.html
[ 好無雷] 黑豹 絕對值得一看,/bbs/movie/M.1518496440.A.BE1.html
[好無雷]  大推推黑豹電影,/bbs/movie/M.1518495524.A.882.html
[好雷] 黑豹，劇情普通，美術太完美,/bbs/movie/M.1518495424.A.F0B.html
[好雷] 黑豹,/bbs/movie/M.1518494060.A.826.html
[ 好雷] 美國隊長3 黑豹疑問,/bbs/movie/M.1462012717.A.D23.html
[好雷]美隊3-關於黑豹以及各英雄的立場,/bbs/movie/M.1461921066.A.E77.html
[好雷] 美國隊長3  黑豹家世,/bbs/movie/M.1461748087.A.515.html
